config,metric,kind,n,mean,median,stdev,min,max,ci95_low,ci95_high,wilson_low,wilson_high,cohens_d,cohens_h,cliffs_delta,mann_whitney_U,p_value,significant,effect_size_interpretation,undefined_reason
baseline_full_LDREA,latency_ms,distributional,4500,1.5271577419999969,1.524146,0.13310390045668455,0.387,7.297625,1.5236048752888889,1.5313171598666668,,,0.0,,0.0,10125000.0,1.0,False,Cohen's d=0.0 (negligible); Cliff's delta=0.0 (negligible),
baseline_full_LDREA,runtime_overhead_ms,distributional,4500,0.0014085397777777787,0.001334,0.0004885109328652119,0.001125,0.022792,0.0013949942111111111,0.0014238276333333332,,,0.0,,0.0,10125000.0,1.0,False,Cohen's d=0.0 (negligible); Cliff's delta=0.0 (negligible),
baseline_full_LDREA,throughput_dec_per_s,distributional,4500,658.4644784745378,656.1051239119081,57.23066992454954,137.0308833353317,2583.9793281653747,656.9082852995956,660.2225240622448,,,0.0,,0.0,10125000.0,1.0,False,Cohen's d=0.0 (negligible); Cliff's delta=0.0 (negligible),
baseline_full_LDREA,blind_decision_accuracy,proportional,4500,0.956,1.0,0.20509509989270833,0.0,1.0,0.9502222222222222,0.962,0.9496086568735477,0.9616134715080781,,0.0,0.0,10125000.0,1.0,False,Cohen's h=0.0 (negligible); Cliff's delta=0.0 (negligible),
baseline_full_LDREA,undetected_risk_rate,proportional,79,0.5189873417721519,1.0,0.49963935078457095,0.0,1.0,0.4050632911392405,0.6329113924050633,0.4105110559940594,0.6257026954621209,,0.0,0.0,3120.5,1.0,False,Cohen's h=0.0 (negligible); Cliff's delta=0.0 (negligible),
baseline_full_LDREA,benign_flag_rate,proportional,4421,0.035512327527708665,0.0,0.18507080299516024,0.0,1.0,0.030536077810450125,0.040940963582899795,0.030447665585278238,0.041383486282794577,,0.0,0.0,9772620.5,1.0,False,Cohen's h=0.0 (negligible); Cliff's delta=0.0 (negligible),
baseline_full_LDREA,blind_risk_detection_recall,proportional,79,0.4810126582278481,0.0,0.49963935078457095,0.0,1.0,0.3670886075949367,0.5949367088607594,0.37429730453787924,0.5894889440059407,,0.0,0.0,3120.5,1.0,False,Cohen's h=0.0 (negligible); Cliff's delta=0.0 (negligible),
baseline_full_LDREA,replay_determinism,proportional,4500,1.0,1.0,0.0,1.0,1.0,1.0,1.0,0.999147070593888,0.9999999999999999,,0.0,0.0,10125000.0,1.0,False,Cohen's h=0.0 (negligible); Cliff's delta=0.0 (negligible),
baseline_full_LDREA,replay_integrity,proportional,4500,1.0,1.0,0.0,1.0,1.0,1.0,1.0,0.999147070593888,0.9999999999999999,,0.0,0.0,10125000.0,1.0,False,Cohen's h=0.0 (negligible); Cliff's delta=0.0 (negligible),
baseline_full_LDREA,evidence_completeness,proportional,4500,1.0,1.0,0.0,1.0,1.0,1.0,1.0,0.999147070593888,0.9999999999999999,,0.0,0.0,10125000.0,1.0,False,Cohen's h=0.0 (negligible); Cliff's delta=0.0 (negligible),
baseline_full_LDREA,predicate_pass_rate,proportional,45000,0.9954666666666667,1.0,0.06717724482458493,0.0,1.0,0.9948444444444444,0.9960444444444444,0.9948022869395206,0.9960464618456797,,0.0,0.0,1012500000.0,1.0,False,Cohen's h=0.0 (negligible); Cliff's delta=0.0 (negligible),
baseline_full_LDREA,revocation_compliance,proportional,215,1.0,1.0,0.0,1.0,1.0,1.0,1.0,0.9824463845132672,1.0,,0.0,0.0,23112.5,1.0,False,Cohen's h=0.0 (negligible); Cliff's delta=0.0 (negligible),
baseline_full_LDREA,hash_chain_integrity,proportional,71,1.0,1.0,0.0,1.0,1.0,1.0,1.0,0.9486720478031097,1.0,,0.0,0.0,2520.5,1.0,False,Cohen's h=0.0 (negligible); Cliff's delta=0.0 (negligible),
baseline_full_LDREA,blind_runtime_detection,composite,300,0.7233518199346824,0.7243098466607123,0.02770737471356742,0.6265343969856643,0.7836839610978323,0.6684087493283071,0.7756504524886878,,,,,0.0,45000.0,1.0,False,standardized bootstrap effect=0.0 (negligible); Cliff's delta=0.0 (negligible),
baseline_full_LDREA,predicate_coverage,composite,300,0.6746666666666641,0.7,0.06651983831075424,0.5,0.7,0.5,0.7,,,,,0.0,45000.0,1.0,False,standardized bootstrap effect=0.0 (negligible); Cliff's delta=0.0 (negligible),
baseline_full_LDREA,runtime_integrity_score,composite,300,0.9925446766413899,1.0,0.011604534527846813,0.933765573353674,1.0,0.9627457197209891,1.0,,,,,0.0,45000.0,1.0,False,standardized bootstrap effect=0.0 (negligible); Cliff's delta=0.0 (negligible),
baseline_full_LDREA,ledger_integrity,deterministic,,,,,,,,,,,,,,,,,,
remove_PE,latency_ms,distributional,4500,0.6284732664444439,0.604667,0.0754057931689919,0.591542,1.391833,0.6262248794944444,0.6306459781944445,,,-8.3069,,-0.999,10357.0,0.0,True,Cohen's d=-8.3069 (large); Cliff's delta=-0.999 (large),
remove_PE,runtime_overhead_ms,distributional,4500,0.0007454879999999885,0.000709,0.00022839081142832538,0.000625,0.011083,0.0007397935333333334,0.0007527537777777778,,,-1.7387,,-0.9937,63371.0,0.0,True,Cohen's d=-1.7387 (large); Cliff's delta=-0.9937 (large),
remove_PE,throughput_dec_per_s,distributional,4500,1607.3154417550584,1653.8028369333865,137.02224147655681,718.4770011919533,1690.497039939683,1603.3589038508114,1611.4211011016876,,,9.0356,,0.999,10357.0,0.0,True,Cohen's d=9.0356 (large); Cliff's delta=0.999 (large),
remove_PE,blind_decision_accuracy,proportional,4500,0.9824444444444445,1.0,0.13132919715239014,0.0,1.0,0.9786666666666667,0.9857833333333332,0.9781754796419792,0.9858904271399457,,0.1569,0.0264,9857250.0,0.0,True,Cohen's h=0.1569 (negligible); Cliff's delta=0.0264 (negligible),
remove_PE,undetected_risk_rate,proportional,79,1.0,1.0,0.0,1.0,1.0,1.0,1.0,0.9536287883460772,1.0,,1.5328,0.481,1619.5,0.0,True,Cohen's h=1.5328 (large); Cliff's delta=0.481 (large),
remove_PE,benign_flag_rate,proportional,4421,0.0,0.0,0.0,0.0,0.0,0.0,0.0,0.0,0.0008681573919527388,,-0.3792,-0.0355,9425572.0,0.0,True,Cohen's h=-0.3792 (small); Cliff's delta=-0.0355 (negligible),
remove_PE,blind_risk_detection_recall,proportional,79,0.0,0.0,0.0,0.0,0.0,0.0,0.0,0.0,0.04637121165392266,,-1.5328,-0.481,1619.5,0.0,True,Cohen's h=-1.5328 (large); Cliff's delta=-0.481 (large),
remove_PE,replay_determinism,proportional,4500,1.0,1.0,0.0,1.0,1.0,1.0,1.0,0.999147070593888,0.9999999999999999,,0.0,0.0,10125000.0,1.0,False,Cohen's h=0.0 (negligible); Cliff's delta=0.0 (negligible),
remove_PE,replay_integrity,proportional,4500,1.0,1.0,0.0,1.0,1.0,1.0,1.0,0.999147070593888,0.9999999999999999,,0.0,0.0,10125000.0,1.0,False,Cohen's h=0.0 (negligible); Cliff's delta=0.0 (negligible),
remove_PE,evidence_completeness,proportional,4500,1.0,1.0,0.0,1.0,1.0,1.0,1.0,0.999147070593888,0.9999999999999999,,0.0,0.0,10125000.0,1.0,False,Cohen's h=0.0 (negligible); Cliff's delta=0.0 (negligible),
remove_PE,predicate_pass_rate,proportional,0,,,,,,,,,,,,,,,,,"predicate_engine disabled: no predicate is evaluated, so coverage is 0 and the pass rate is vacuously 1 (nothing can fail)"
remove_PE,revocation_compliance,proportional,225,1.0,1.0,0.0,1.0,1.0,1.0,1.0,0.9832134489943798,1.0,,0.0,0.0,24187.5,1.0,False,Cohen's h=0.0 (negligible); Cliff's delta=0.0 (negligible),
remove_PE,hash_chain_integrity,proportional,71,1.0,1.0,0.0,1.0,1.0,1.0,1.0,0.9486720478031097,1.0,,0.0,0.0,2520.5,1.0,False,Cohen's h=0.0 (negligible); Cliff's delta=0.0 (negligible),
remove_PE,blind_runtime_detection,composite,300,0.5,0.5,0.0,0.5,0.5,0.5,0.5,,,,,-1.0,0.0,0.0,True,standardized bootstrap effect=-8.061096449722985 (large); Cliff's delta=-1.0 (large),
remove_PE,predicate_coverage,composite,300,0.0,0.0,0.0,0.0,0.0,0.0,0.0,,,,,-1.0,0.0,0.0,True,standardized bootstrap effect=-10.142337741635655 (large); Cliff's delta=-1.0 (large),"predicate_engine disabled: no predicate is evaluated, so coverage is 0 and the pass rate is vacuously 1 (nothing can fail)"
remove_PE,runtime_integrity_score,composite,300,0.833333333333337,0.8333333333333334,0.0,0.8333333333333334,0.8333333333333334,0.8333333333333334,0.8333333333333334,,,,,-1.0,0.0,0.0,True,standardized bootstrap effect=-13.719752647209141 (large); Cliff's delta=-1.0 (large),
remove_PE,ledger_integrity,deterministic,,,,,,,,,,,,,,,,,,
remove_RV,latency_ms,distributional,4500,1.3175700506666672,1.26,0.2658434227669874,0.378625,14.373,1.3109427171777777,1.3266902922722221,,,-0.9969,,-0.771,2318930.0,0.0,True,Cohen's d=-0.9969 (large); Cliff's delta=-0.771 (large),
remove_RV,runtime_overhead_ms,distributional,4500,0.001527330444444454,0.001375,0.0006519634948248613,0.001125,0.016917,0.0015085427777777778,0.0015475693944444445,,,0.2062,,0.1357,8750891.0,0.0,True,Cohen's d=0.2062 (small); Cliff's delta=0.1357 (negligible),
remove_RV,throughput_dec_per_s,distributional,4500,771.2490583897127,793.6507936507936,85.3804911623849,69.57489737702637,2641.135688345989,768.6405731817537,773.736567057556,,,1.5516,,0.771,2318930.0,0.0,True,Cohen's d=1.5516 (large); Cliff's delta=0.771 (large),
remove_RV,blind_decision_accuracy,proportional,4500,0.956,1.0,0.20509509989270833,0.0,1.0,0.9502222222222222,0.962,0.9496086568735477,0.9616134715080781,,0.0,0.0,10125000.0,1.0,False,Cohen's h=0.0 (negligible); Cliff's delta=0.0 (negligible),
remove_RV,undetected_risk_rate,proportional,79,0.5189873417721519,1.0,0.49963935078457095,0.0,1.0,0.4050632911392405,0.6329113924050633,0.4105110559940594,0.6257026954621209,,0.0,0.0,3120.5,1.0,False,Cohen's h=0.0 (negligible); Cliff's delta=0.0 (negligible),
remove_RV,benign_flag_rate,proportional,4421,0.035512327527708665,0.0,0.18507080299516024,0.0,1.0,0.030536077810450125,0.040940963582899795,0.030447665585278238,0.041383486282794577,,0.0,0.0,9772620.5,1.0,False,Cohen's h=0.0 (negligible); Cliff's delta=0.0 (negligible),
remove_RV,blind_risk_detection_recall,proportional,79,0.4810126582278481,0.0,0.49963935078457095,0.0,1.0,0.3670886075949367,0.5949367088607594,0.37429730453787924,0.5894889440059407,,0.0,0.0,3120.5,1.0,False,Cohen's h=0.0 (negligible); Cliff's delta=0.0 (negligible),
remove_RV,replay_determinism,proportional,4500,1.0,1.0,0.0,1.0,1.0,1.0,1.0,0.999147070593888,0.9999999999999999,,0.0,0.0,10125000.0,1.0,False,Cohen's h=0.0 (negligible); Cliff's delta=0.0 (negligible),
remove_RV,replay_integrity,proportional,4500,1.0,1.0,0.0,1.0,1.0,1.0,1.0,0.999147070593888,0.9999999999999999,,0.0,0.0,10125000.0,1.0,False,Cohen's h=0.0 (negligible); Cliff's delta=0.0 (negligible),
remove_RV,evidence_completeness,proportional,4500,1.0,1.0,0.0,1.0,1.0,1.0,1.0,0.999147070593888,0.9999999999999999,,0.0,0.0,10125000.0,1.0,False,Cohen's h=0.0 (negligible); Cliff's delta=0.0 (negligible),
remove_RV,predicate_pass_rate,proportional,45000,0.9954666666666667,1.0,0.06717724482458493,0.0,1.0,0.9948444444444444,0.9960444444444444,0.9948022869395206,0.9960464618456797,,0.0,0.0,1012500000.0,1.0,False,Cohen's h=0.0 (negligible); Cliff's delta=0.0 (negligible),
remove_RV,revocation_compliance,proportional,215,0.0,0.0,0.0,0.0,0.0,0.0,0.0,0.0,0.017553615486732756,,-3.1416,-1.0,0.0,0.0,True,Cohen's h=-3.1416 (large); Cliff's delta=-1.0 (large),
remove_RV,hash_chain_integrity,proportional,71,1.0,1.0,0.0,1.0,1.0,1.0,1.0,0.9486720478031097,1.0,,0.0,0.0,2520.5,1.0,False,Cohen's h=0.0 (negligible); Cliff's delta=0.0 (negligible),
remove_RV,blind_runtime_detection,composite,300,0.7233518199346824,0.7243098466607123,0.02770737471356742,0.6265343969856643,0.7836839610978323,0.6684087493283071,0.7756504524886878,,,,,0.0,45000.0,1.0,False,standardized bootstrap effect=0.0 (negligible); Cliff's delta=0.0 (negligible),
remove_RV,predicate_coverage,composite,300,0.6746666666666641,0.7,0.06651983831075424,0.5,0.7,0.5,0.7,,,,,0.0,45000.0,1.0,False,standardized bootstrap effect=0.0 (negligible); Cliff's delta=0.0 (negligible),
remove_RV,runtime_integrity_score,composite,300,0.8258780099747245,0.8333333333333334,0.011604534527846827,0.7670989066870074,0.8333333333333334,0.7960790530543225,0.8333333333333334,,,,,-1.0,0.0,0.0,True,standardized bootstrap effect=None (large); Cliff's delta=-1.0 (large),
remove_RV,ledger_integrity,deterministic,,,,,,,,,,,,,,,,,,
remove_EQ,latency_ms,distributional,4500,1.2524024173333337,1.2308335000000001,0.18246854558168665,0.083208,6.003667,1.2468926107000002,1.2579900989166668,,,-1.7202,,-0.8957,1056116.5,0.0,True,Cohen's d=-1.7202 (large); Cliff's delta=-0.8957 (large),
remove_EQ,runtime_overhead_ms,distributional,4500,0.0014110906666666696,0.001292,0.001072601569912871,0.001083,0.057292,0.0013849915111111112,0.0014478954055555555,,,0.0031,,-0.2537,7556785.0,0.0,True,Cohen's d=0.0031 (negligible); Cliff's delta=-0.2537 (small),
remove_EQ,throughput_dec_per_s,distributional,4500,812.2115030468805,812.4575744811666,209.58847898032042,166.5648677716469,12018.075185078358,807.0513128308276,819.3930553372738,,,1.0007,,0.8957,1056116.5,0.0,True,Cohen's d=1.0007 (large); Cliff's delta=0.8957 (large),
remove_EQ,blind_decision_accuracy,proportional,4500,0.956,1.0,0.20509509989270833,0.0,1.0,0.9502222222222222,0.962,0.9496086568735477,0.9616134715080781,,0.0,0.0,10125000.0,1.0,False,Cohen's h=0.0 (negligible); Cliff's delta=0.0 (negligible),
remove_EQ,undetected_risk_rate,proportional,79,0.5189873417721519,1.0,0.49963935078457095,0.0,1.0,0.4050632911392405,0.6329113924050633,0.4105110559940594,0.6257026954621209,,0.0,0.0,3120.5,1.0,False,Cohen's h=0.0 (negligible); Cliff's delta=0.0 (negligible),
remove_EQ,benign_flag_rate,proportional,4421,0.035512327527708665,0.0,0.18507080299516024,0.0,1.0,0.030536077810450125,0.040940963582899795,0.030447665585278238,0.041383486282794577,,0.0,0.0,9772620.5,1.0,False,Cohen's h=0.0 (negligible); Cliff's delta=0.0 (negligible),
remove_EQ,blind_risk_detection_recall,proportional,79,0.4810126582278481,0.0,0.49963935078457095,0.0,1.0,0.3670886075949367,0.5949367088607594,0.37429730453787924,0.5894889440059407,,0.0,0.0,3120.5,1.0,False,Cohen's h=0.0 (negligible); Cliff's delta=0.0 (negligible),
remove_EQ,replay_determinism,proportional,4500,1.0,1.0,0.0,1.0,1.0,1.0,1.0,0.999147070593888,0.9999999999999999,,0.0,0.0,10125000.0,1.0,False,Cohen's h=0.0 (negligible); Cliff's delta=0.0 (negligible),
remove_EQ,replay_integrity,proportional,4500,0.0,0.0,0.0,0.0,0.0,0.0,0.0,0.0,0.0008529294061119083,,-3.1416,-1.0,0.0,0.0,True,Cohen's h=-3.1416 (large); Cliff's delta=-1.0 (large),
remove_EQ,evidence_completeness,proportional,4500,0.0,0.0,0.0,0.0,0.0,0.0,0.0,0.0,0.0008529294061119083,,-3.1416,-1.0,0.0,0.0,True,Cohen's h=-3.1416 (large); Cliff's delta=-1.0 (large),
remove_EQ,predicate_pass_rate,proportional,45000,0.9954666666666667,1.0,0.06717724482458493,0.0,1.0,0.9948444444444444,0.9960444444444444,0.9948022869395206,0.9960464618456797,,0.0,0.0,1012500000.0,1.0,False,Cohen's h=0.0 (negligible); Cliff's delta=0.0 (negligible),
remove_EQ,revocation_compliance,proportional,215,1.0,1.0,0.0,1.0,1.0,1.0,1.0,0.9824463845132672,1.0,,0.0,0.0,23112.5,1.0,False,Cohen's h=0.0 (negligible); Cliff's delta=0.0 (negligible),
remove_EQ,hash_chain_integrity,proportional,0,,,,,,,,,,,,,,,,,"evidence_quad disabled: no ERTuples are emitted, so the ledger has nothing to chain"
remove_EQ,blind_runtime_detection,composite,300,0.7233518199346824,0.7243098466607123,0.02770737471356742,0.6265343969856643,0.7836839610978323,0.6684087493283071,0.7756504524886878,,,,,0.0,45000.0,1.0,False,standardized bootstrap effect=0.0 (negligible); Cliff's delta=0.0 (negligible),
remove_EQ,predicate_coverage,composite,300,0.6746666666666641,0.7,0.06651983831075424,0.5,0.7,0.5,0.7,,,,,0.0,45000.0,1.0,False,standardized bootstrap effect=0.0 (negligible); Cliff's delta=0.0 (negligible),
remove_EQ,runtime_integrity_score,composite,300,0.32587800997472255,0.3333333333333333,0.011604534527846806,0.26709890668700736,0.3333333333333333,0.2960790530543225,0.3333333333333333,,,,,-1.0,0.0,0.0,True,standardized bootstrap effect=None (large); Cliff's delta=-1.0 (large),
remove_EQ,ledger_integrity,deterministic,,,,,,,,,,,,,,,,,,evidence_quad disabled: the ledger has no evidence to chain (0 blocks)
remove_LG,latency_ms,distributional,4500,1.6891873055555517,1.5678955,1.1704709796290333,0.373125,71.519084,1.6626871681722224,1.7305352708222221,,,0.1945,,0.3883,6193285.5,0.0,True,Cohen's d=0.1945 (negligible); Cliff's delta=0.3883 (medium),
remove_LG,runtime_overhead_ms,distributional,4500,0.0035623606666666846,0.001542,0.10635970693880653,0.001084,7.134833,0.001916035644444444,0.008255006866666668,,,0.0286,,0.5221,4839107.5,0.0,True,Cohen's d=0.0286 (negligible); Cliff's delta=0.5221 (large),
remove_LG,throughput_dec_per_s,distributional,4500,618.9554379238444,637.7976084317811,96.37181522532147,13.982281987839777,2680.067001675042,616.1163630979884,621.6853242782706,,,-0.4984,,-0.3883,6193285.5,0.0,True,Cohen's d=-0.4984 (small); Cliff's delta=-0.3883 (medium),
remove_LG,blind_decision_accuracy,proportional,4500,0.956,1.0,0.20509509989270833,0.0,1.0,0.9502222222222222,0.962,0.9496086568735477,0.9616134715080781,,0.0,0.0,10125000.0,1.0,False,Cohen's h=0.0 (negligible); Cliff's delta=0.0 (negligible),
remove_LG,undetected_risk_rate,proportional,79,0.5189873417721519,1.0,0.49963935078457095,0.0,1.0,0.4050632911392405,0.6329113924050633,0.4105110559940594,0.6257026954621209,,0.0,0.0,3120.5,1.0,False,Cohen's h=0.0 (negligible); Cliff's delta=0.0 (negligible),
remove_LG,benign_flag_rate,proportional,4421,0.035512327527708665,0.0,0.18507080299516024,0.0,1.0,0.030536077810450125,0.040940963582899795,0.030447665585278238,0.041383486282794577,,0.0,0.0,9772620.5,1.0,False,Cohen's h=0.0 (negligible); Cliff's delta=0.0 (negligible),
remove_LG,blind_risk_detection_recall,proportional,79,0.4810126582278481,0.0,0.49963935078457095,0.0,1.0,0.3670886075949367,0.5949367088607594,0.37429730453787924,0.5894889440059407,,0.0,0.0,3120.5,1.0,False,Cohen's h=0.0 (negligible); Cliff's delta=0.0 (negligible),
remove_LG,replay_determinism,proportional,4500,1.0,1.0,0.0,1.0,1.0,1.0,1.0,0.999147070593888,0.9999999999999999,,0.0,0.0,10125000.0,1.0,False,Cohen's h=0.0 (negligible); Cliff's delta=0.0 (negligible),
remove_LG,replay_integrity,proportional,4500,0.0,0.0,0.0,0.0,0.0,0.0,0.0,0.0,0.0008529294061119083,,-3.1416,-1.0,0.0,0.0,True,Cohen's h=-3.1416 (large); Cliff's delta=-1.0 (large),
remove_LG,evidence_completeness,proportional,4500,1.0,1.0,0.0,1.0,1.0,1.0,1.0,0.999147070593888,0.9999999999999999,,0.0,0.0,10125000.0,1.0,False,Cohen's h=0.0 (negligible); Cliff's delta=0.0 (negligible),
remove_LG,predicate_pass_rate,proportional,45000,0.9954666666666667,1.0,0.06717724482458493,0.0,1.0,0.9948444444444444,0.9960444444444444,0.9948022869395206,0.9960464618456797,,0.0,0.0,1012500000.0,1.0,False,Cohen's h=0.0 (negligible); Cliff's delta=0.0 (negligible),
remove_LG,revocation_compliance,proportional,215,1.0,1.0,0.0,1.0,1.0,1.0,1.0,0.9824463845132672,1.0,,0.0,0.0,23112.5,1.0,False,Cohen's h=0.0 (negligible); Cliff's delta=0.0 (negligible),
remove_LG,hash_chain_integrity,proportional,0,,,,,,,,,,,,,,,,,"runtime_ledger disabled: no ledger blocks exist, so there are no chain links to verify"
remove_LG,blind_runtime_detection,composite,300,0.7233518199346824,0.7243098466607123,0.02770737471356742,0.6265343969856643,0.7836839610978323,0.6684087493283071,0.7756504524886878,,,,,0.0,45000.0,1.0,False,standardized bootstrap effect=0.0 (negligible); Cliff's delta=0.0 (negligible),
remove_LG,predicate_coverage,composite,300,0.6746666666666641,0.7,0.06651983831075424,0.5,0.7,0.5,0.7,,,,,0.0,45000.0,1.0,False,standardized bootstrap effect=0.0 (negligible); Cliff's delta=0.0 (negligible),
remove_LG,runtime_integrity_score,composite,300,0.49254467664139007,0.5,0.011604534527846813,0.43376557335367405,0.5,0.4627457197209892,0.5,,,,,-1.0,0.0,0.0,True,standardized bootstrap effect=None (large); Cliff's delta=-1.0 (large),
remove_LG,ledger_integrity,deterministic,,,,,,,,,,,,,,,,,,runtime_ledger disabled: there is no ledger to verify
remove_HC,latency_ms,distributional,4500,1.6893213166666667,1.5756459999999999,0.4824113609134819,0.391917,25.766375,1.6769919171999998,1.705552412261111,,,0.4582,,0.5123,4938372.0,0.0,True,Cohen's d=0.4582 (small); Cliff's delta=0.5123 (large),
remove_HC,runtime_overhead_ms,distributional,4500,0.0019443228888889068,0.001583,0.0025807036940356854,0.001166,0.151334,0.001883570338888889,0.0020386994388888885,,,0.2885,,0.6128,3920837.0,0.0,True,Cohen's d=0.2885 (small); Cliff's delta=0.6128 (large),
remove_HC,throughput_dec_per_s,distributional,4500,609.6861036609398,634.6603288974497,94.74195755474263,38.81027113825674,2551.5606620789604,607.1040350958277,612.3824683114593,,,-0.6232,,-0.5123,4938372.0,0.0,True,Cohen's d=-0.6232 (medium); Cliff's delta=-0.5123 (large),
remove_HC,blind_decision_accuracy,proportional,4500,0.956,1.0,0.20509509989270833,0.0,1.0,0.9502222222222222,0.962,0.9496086568735477,0.9616134715080781,,0.0,0.0,10125000.0,1.0,False,Cohen's h=0.0 (negligible); Cliff's delta=0.0 (negligible),
remove_HC,undetected_risk_rate,proportional,79,0.5189873417721519,1.0,0.49963935078457095,0.0,1.0,0.4050632911392405,0.6329113924050633,0.4105110559940594,0.6257026954621209,,0.0,0.0,3120.5,1.0,False,Cohen's h=0.0 (negligible); Cliff's delta=0.0 (negligible),
remove_HC,benign_flag_rate,proportional,4421,0.035512327527708665,0.0,0.18507080299516024,0.0,1.0,0.030536077810450125,0.040940963582899795,0.030447665585278238,0.041383486282794577,,0.0,0.0,9772620.5,1.0,False,Cohen's h=0.0 (negligible); Cliff's delta=0.0 (negligible),
remove_HC,blind_risk_detection_recall,proportional,79,0.4810126582278481,0.0,0.49963935078457095,0.0,1.0,0.3670886075949367,0.5949367088607594,0.37429730453787924,0.5894889440059407,,0.0,0.0,3120.5,1.0,False,Cohen's h=0.0 (negligible); Cliff's delta=0.0 (negligible),
remove_HC,replay_determinism,proportional,4500,1.0,1.0,0.0,1.0,1.0,1.0,1.0,0.999147070593888,0.9999999999999999,,0.0,0.0,10125000.0,1.0,False,Cohen's h=0.0 (negligible); Cliff's delta=0.0 (negligible),
remove_HC,replay_integrity,proportional,4500,0.0,0.0,0.0,0.0,0.0,0.0,0.0,0.0,0.0008529294061119083,,-3.1416,-1.0,0.0,0.0,True,Cohen's h=-3.1416 (large); Cliff's delta=-1.0 (large),
remove_HC,evidence_completeness,proportional,4500,1.0,1.0,0.0,1.0,1.0,1.0,1.0,0.999147070593888,0.9999999999999999,,0.0,0.0,10125000.0,1.0,False,Cohen's h=0.0 (negligible); Cliff's delta=0.0 (negligible),
remove_HC,predicate_pass_rate,proportional,45000,0.9954666666666667,1.0,0.06717724482458493,0.0,1.0,0.9948444444444444,0.9960444444444444,0.9948022869395206,0.9960464618456797,,0.0,0.0,1012500000.0,1.0,False,Cohen's h=0.0 (negligible); Cliff's delta=0.0 (negligible),
remove_HC,revocation_compliance,proportional,215,1.0,1.0,0.0,1.0,1.0,1.0,1.0,0.9824463845132672,1.0,,0.0,0.0,23112.5,1.0,False,Cohen's h=0.0 (negligible); Cliff's delta=0.0 (negligible),
remove_HC,hash_chain_integrity,proportional,71,0.014084507042253521,0.0,0.11783944035691205,0.0,1.0,0.0,0.04225352112676056,0.002490603270544213,0.07556050520249005,,-2.9037,-0.9859,35.5,0.0,True,Cohen's h=-2.9037 (large); Cliff's delta=-0.9859 (large),
remove_HC,blind_runtime_detection,composite,300,0.7233518199346824,0.7243098466607123,0.02770737471356742,0.6265343969856643,0.7836839610978323,0.6684087493283071,0.7756504524886878,,,,,0.0,45000.0,1.0,False,standardized bootstrap effect=0.0 (negligible); Cliff's delta=0.0 (negligible),
remove_HC,predicate_coverage,composite,300,0.6746666666666641,0.7,0.06651983831075424,0.5,0.7,0.5,0.7,,,,,0.0,45000.0,1.0,False,standardized bootstrap effect=0.0 (negligible); Cliff's delta=0.0 (negligible),
remove_HC,runtime_integrity_score,composite,300,0.4950720631828606,0.5,0.011943197632307705,0.43376557335367405,0.5093896713615024,0.46509760316283666,0.5070422535211268,,,,,-1.0,0.0,0.0,True,standardized bootstrap effect=-210.7892927575653 (large); Cliff's delta=-1.0 (large),
remove_HC,ledger_integrity,deterministic,,,,,,,,,,,,,,,,,,
remove_PE+RV,latency_ms,distributional,4500,0.3594120744444454,0.341041,0.16463924267331223,0.272208,10.440417,0.3557991363333333,0.3649601434722223,,,-7.7995,,-0.9994,5757.0,0.0,True,Cohen's d=-7.7995 (large); Cliff's delta=-0.9994 (large),
remove_PE+RV,runtime_overhead_ms,distributional,4500,0.00081494155555556,0.000709,0.000519720656085579,0.000625,0.015208,0.0008004572444444445,0.0008310437777777779,,,-1.1768,,-0.913,880930.0,0.0,True,Cohen's d=-1.1768 (large); Cliff's delta=-0.913 (large),
remove_PE+RV,throughput_dec_per_s,distributional,4500,2850.2485280548844,2932.1987678900778,292.3304413657684,95.7816148531232,3673.6613178157877,2841.7563922035133,2858.369862871313,,,10.4045,,0.9994,5757.0,0.0,True,Cohen's d=10.4045 (large); Cliff's delta=0.9994 (large),
remove_PE+RV,blind_decision_accuracy,proportional,4500,0.9824444444444445,1.0,0.13132919715239014,0.0,1.0,0.9786666666666667,0.9857833333333332,0.9781754796419792,0.9858904271399457,,0.1569,0.0264,9857250.0,0.0,True,Cohen's h=0.1569 (negligible); Cliff's delta=0.0264 (negligible),
remove_PE+RV,undetected_risk_rate,proportional,79,1.0,1.0,0.0,1.0,1.0,1.0,1.0,0.9536287883460772,1.0,,1.5328,0.481,1619.5,0.0,True,Cohen's h=1.5328 (large); Cliff's delta=0.481 (large),
remove_PE+RV,benign_flag_rate,proportional,4421,0.0,0.0,0.0,0.0,0.0,0.0,0.0,0.0,0.0008681573919527388,,-0.3792,-0.0355,9425572.0,0.0,True,Cohen's h=-0.3792 (small); Cliff's delta=-0.0355 (negligible),
remove_PE+RV,blind_risk_detection_recall,proportional,79,0.0,0.0,0.0,0.0,0.0,0.0,0.0,0.0,0.04637121165392266,,-1.5328,-0.481,1619.5,0.0,True,Cohen's h=-1.5328 (large); Cliff's delta=-0.481 (large),
remove_PE+RV,replay_determinism,proportional,4500,1.0,1.0,0.0,1.0,1.0,1.0,1.0,0.999147070593888,0.9999999999999999,,0.0,0.0,10125000.0,1.0,False,Cohen's h=0.0 (negligible); Cliff's delta=0.0 (negligible),
remove_PE+RV,replay_integrity,proportional,4500,1.0,1.0,0.0,1.0,1.0,1.0,1.0,0.999147070593888,0.9999999999999999,,0.0,0.0,10125000.0,1.0,False,Cohen's h=0.0 (negligible); Cliff's delta=0.0 (negligible),
remove_PE+RV,evidence_completeness,proportional,4500,1.0,1.0,0.0,1.0,1.0,1.0,1.0,0.999147070593888,0.9999999999999999,,0.0,0.0,10125000.0,1.0,False,Cohen's h=0.0 (negligible); Cliff's delta=0.0 (negligible),
remove_PE+RV,predicate_pass_rate,proportional,0,,,,,,,,,,,,,,,,,"predicate_engine disabled: no predicate is evaluated, so coverage is 0 and the pass rate is vacuously 1 (nothing can fail)"
remove_PE+RV,revocation_compliance,proportional,225,0.0,0.0,0.0,0.0,0.0,0.0,0.0,1.734723475976807e-18,0.016786551005620237,,-3.1416,-1.0,0.0,0.0,True,Cohen's h=-3.1416 (large); Cliff's delta=-1.0 (large),
remove_PE+RV,hash_chain_integrity,proportional,71,1.0,1.0,0.0,1.0,1.0,1.0,1.0,0.9486720478031097,1.0,,0.0,0.0,2520.5,1.0,False,Cohen's h=0.0 (negligible); Cliff's delta=0.0 (negligible),
remove_PE+RV,blind_runtime_detection,composite,300,0.5,0.5,0.0,0.5,0.5,0.5,0.5,,,,,-1.0,0.0,0.0,True,standardized bootstrap effect=-8.061096449722985 (large); Cliff's delta=-1.0 (large),
remove_PE+RV,predicate_coverage,composite,300,0.0,0.0,0.0,0.0,0.0,0.0,0.0,,,,,-1.0,0.0,0.0,True,standardized bootstrap effect=-10.142337741635655 (large); Cliff's delta=-1.0 (large),"predicate_engine disabled: no predicate is evaluated, so coverage is 0 and the pass rate is vacuously 1 (nothing can fail)"
remove_PE+RV,runtime_integrity_score,composite,300,0.6666666666666644,0.6666666666666666,0.0,0.6666666666666666,0.6666666666666666,0.6666666666666666,0.6666666666666666,,,,,-1.0,0.0,0.0,True,standardized bootstrap effect=-28.081954445715137 (large); Cliff's delta=-1.0 (large),
remove_PE+RV,ledger_integrity,deterministic,,,,,,,,,,,,,,,,,,
remove_EQ+PE,latency_ms,distributional,4500,0.38344195288888866,0.333375,0.12827200046106538,0.253875,2.774916,0.3796920719222222,0.38726620497222225,,,-8.749,,-0.9965,35011.5,0.0,True,Cohen's d=-8.749 (large); Cliff's delta=-0.9965 (large),
remove_EQ+PE,runtime_overhead_ms,distributional,4500,0.0010627304444444485,0.00075,0.0011320700298351307,0.000584,0.036834,0.001032364238888889,0.001098447038888889,,,-0.3966,,-0.6881,3158483.0,0.0,True,Cohen's d=-0.3966 (small); Cliff's delta=-0.6881 (large),
remove_EQ+PE,throughput_dec_per_s,distributional,4500,2759.297767242105,2999.6250468691414,516.0901630624376,360.3712688960675,3938.946331856228,2744.3850148673464,2774.6183866485817,,,5.7211,,0.9965,35011.5,0.0,True,Cohen's d=5.7211 (large); Cliff's delta=0.9965 (large),
remove_EQ+PE,blind_decision_accuracy,proportional,4500,0.9824444444444445,1.0,0.13132919715239014,0.0,1.0,0.9786666666666667,0.9857833333333332,0.9781754796419792,0.9858904271399457,,0.1569,0.0264,9857250.0,0.0,True,Cohen's h=0.1569 (negligible); Cliff's delta=0.0264 (negligible),
remove_EQ+PE,undetected_risk_rate,proportional,79,1.0,1.0,0.0,1.0,1.0,1.0,1.0,0.9536287883460772,1.0,,1.5328,0.481,1619.5,0.0,True,Cohen's h=1.5328 (large); Cliff's delta=0.481 (large),
remove_EQ+PE,benign_flag_rate,proportional,4421,0.0,0.0,0.0,0.0,0.0,0.0,0.0,0.0,0.0008681573919527388,,-0.3792,-0.0355,9425572.0,0.0,True,Cohen's h=-0.3792 (small); Cliff's delta=-0.0355 (negligible),
remove_EQ+PE,blind_risk_detection_recall,proportional,79,0.0,0.0,0.0,0.0,0.0,0.0,0.0,0.0,0.04637121165392266,,-1.5328,-0.481,1619.5,0.0,True,Cohen's h=-1.5328 (large); Cliff's delta=-0.481 (large),
remove_EQ+PE,replay_determinism,proportional,4500,1.0,1.0,0.0,1.0,1.0,1.0,1.0,0.999147070593888,0.9999999999999999,,0.0,0.0,10125000.0,1.0,False,Cohen's h=0.0 (negligible); Cliff's delta=0.0 (negligible),
remove_EQ+PE,replay_integrity,proportional,4500,0.0,0.0,0.0,0.0,0.0,0.0,0.0,0.0,0.0008529294061119083,,-3.1416,-1.0,0.0,0.0,True,Cohen's h=-3.1416 (large); Cliff's delta=-1.0 (large),
remove_EQ+PE,evidence_completeness,proportional,4500,0.0,0.0,0.0,0.0,0.0,0.0,0.0,0.0,0.0008529294061119083,,-3.1416,-1.0,0.0,0.0,True,Cohen's h=-3.1416 (large); Cliff's delta=-1.0 (large),
remove_EQ+PE,predicate_pass_rate,proportional,0,,,,,,,,,,,,,,,,,"predicate_engine disabled: no predicate is evaluated, so coverage is 0 and the pass rate is vacuously 1 (nothing can fail)"
remove_EQ+PE,revocation_compliance,proportional,225,1.0,1.0,0.0,1.0,1.0,1.0,1.0,0.9832134489943798,1.0,,0.0,0.0,24187.5,1.0,False,Cohen's h=0.0 (negligible); Cliff's delta=0.0 (negligible),
remove_EQ+PE,hash_chain_integrity,proportional,0,,,,,,,,,,,,,,,,,"evidence_quad disabled: no ERTuples are emitted, so the ledger has nothing to chain"
remove_EQ+PE,blind_runtime_detection,composite,300,0.5,0.5,0.0,0.5,0.5,0.5,0.5,,,,,-1.0,0.0,0.0,True,standardized bootstrap effect=-8.061096449722985 (large); Cliff's delta=-1.0 (large),
remove_EQ+PE,predicate_coverage,composite,300,0.0,0.0,0.0,0.0,0.0,0.0,0.0,,,,,-1.0,0.0,0.0,True,standardized bootstrap effect=-10.142337741635655 (large); Cliff's delta=-1.0 (large),"predicate_engine disabled: no predicate is evaluated, so coverage is 0 and the pass rate is vacuously 1 (nothing can fail)"
remove_EQ+PE,runtime_integrity_score,composite,300,0.1666666666666661,0.16666666666666666,0.0,0.16666666666666666,0.16666666666666666,0.16666666666666666,0.16666666666666666,,,,,-1.0,0.0,0.0,True,standardized bootstrap effect=-71.16855984123335 (large); Cliff's delta=-1.0 (large),
remove_EQ+PE,ledger_integrity,deterministic,,,,,,,,,,,,,,,,,,evidence_quad disabled: the ledger has no evidence to chain (0 blocks)
remove_LG+PE,latency_ms,distributional,4500,0.6525072082222225,0.611167,0.23665152435922876,0.476792,10.285542,0.6463383496444444,0.6600225299555555,,,-4.5552,,-0.9944,56764.5,0.0,True,Cohen's d=-4.5552 (large); Cliff's delta=-0.9944 (large),
remove_LG+PE,runtime_overhead_ms,distributional,4500,0.000883772888888889,0.00075,0.0007501710240401399,0.000625,0.032125,0.0008630409166666668,0.000906619772222222,,,-0.8289,,-0.8779,1236658.5,0.0,True,Cohen's d=-0.8289 (large); Cliff's delta=-0.8779 (large),
remove_LG+PE,throughput_dec_per_s,distributional,4500,1571.7936584430195,1636.2139971562601,177.40165195699754,97.22385072172182,2097.3506266883674,1566.6919901755305,1577.167158349906,,,6.9285,,0.9944,56764.5,0.0,True,Cohen's d=6.9285 (large); Cliff's delta=0.9944 (large),
remove_LG+PE,blind_decision_accuracy,proportional,4500,0.9824444444444445,1.0,0.13132919715239014,0.0,1.0,0.9786666666666667,0.9857833333333332,0.9781754796419792,0.9858904271399457,,0.1569,0.0264,9857250.0,0.0,True,Cohen's h=0.1569 (negligible); Cliff's delta=0.0264 (negligible),
remove_LG+PE,undetected_risk_rate,proportional,79,1.0,1.0,0.0,1.0,1.0,1.0,1.0,0.9536287883460772,1.0,,1.5328,0.481,1619.5,0.0,True,Cohen's h=1.5328 (large); Cliff's delta=0.481 (large),
remove_LG+PE,benign_flag_rate,proportional,4421,0.0,0.0,0.0,0.0,0.0,0.0,0.0,0.0,0.0008681573919527388,,-0.3792,-0.0355,9425572.0,0.0,True,Cohen's h=-0.3792 (small); Cliff's delta=-0.0355 (negligible),
remove_LG+PE,blind_risk_detection_recall,proportional,79,0.0,0.0,0.0,0.0,0.0,0.0,0.0,0.0,0.04637121165392266,,-1.5328,-0.481,1619.5,0.0,True,Cohen's h=-1.5328 (large); Cliff's delta=-0.481 (large),
remove_LG+PE,replay_determinism,proportional,4500,1.0,1.0,0.0,1.0,1.0,1.0,1.0,0.999147070593888,0.9999999999999999,,0.0,0.0,10125000.0,1.0,False,Cohen's h=0.0 (negligible); Cliff's delta=0.0 (negligible),
remove_LG+PE,replay_integrity,proportional,4500,0.0,0.0,0.0,0.0,0.0,0.0,0.0,0.0,0.0008529294061119083,,-3.1416,-1.0,0.0,0.0,True,Cohen's h=-3.1416 (large); Cliff's delta=-1.0 (large),
remove_LG+PE,evidence_completeness,proportional,4500,1.0,1.0,0.0,1.0,1.0,1.0,1.0,0.999147070593888,0.9999999999999999,,0.0,0.0,10125000.0,1.0,False,Cohen's h=0.0 (negligible); Cliff's delta=0.0 (negligible),
remove_LG+PE,predicate_pass_rate,proportional,0,,,,,,,,,,,,,,,,,"predicate_engine disabled: no predicate is evaluated, so coverage is 0 and the pass rate is vacuously 1 (nothing can fail)"
remove_LG+PE,revocation_compliance,proportional,225,1.0,1.0,0.0,1.0,1.0,1.0,1.0,0.9832134489943798,1.0,,0.0,0.0,24187.5,1.0,False,Cohen's h=0.0 (negligible); Cliff's delta=0.0 (negligible),
remove_LG+PE,hash_chain_integrity,proportional,0,,,,,,,,,,,,,,,,,"runtime_ledger disabled: no ledger blocks exist, so there are no chain links to verify"
remove_LG+PE,blind_runtime_detection,composite,300,0.5,0.5,0.0,0.5,0.5,0.5,0.5,,,,,-1.0,0.0,0.0,True,standardized bootstrap effect=-8.061096449722985 (large); Cliff's delta=-1.0 (large),
remove_LG+PE,predicate_coverage,composite,300,0.0,0.0,0.0,0.0,0.0,0.0,0.0,,,,,-1.0,0.0,0.0,True,standardized bootstrap effect=-10.142337741635655 (large); Cliff's delta=-1.0 (large),"predicate_engine disabled: no predicate is evaluated, so coverage is 0 and the pass rate is vacuously 1 (nothing can fail)"
remove_LG+PE,runtime_integrity_score,composite,300,0.3333333333333322,0.3333333333333333,0.0,0.3333333333333333,0.3333333333333333,0.3333333333333333,0.3333333333333333,,,,,-1.0,0.0,0.0,True,standardized bootstrap effect=-56.806358042727005 (large); Cliff's delta=-1.0 (large),
remove_LG+PE,ledger_integrity,deterministic,,,,,,,,,,,,,,,,,,runtime_ledger disabled: there is no ledger to verify
remove_HC+PE,latency_ms,distributional,4500,0.6314183611111119,0.610292,0.18888540996860986,0.485667,12.339625,0.6272549188111111,0.6382443454444444,,,-5.4815,,-0.9978,22212.0,0.0,True,Cohen's d=-5.4815 (large); Cliff's delta=-0.9978 (large),
remove_HC+PE,runtime_overhead_ms,distributional,4500,0.0008616546666666704,0.00075,0.00058364547902758,0.000625,0.024292,0.0008459641055555554,0.0008786755999999999,,,-1.0161,,-0.8685,1331806.0,0.0,True,Cohen's d=-1.0161 (large); Cliff's delta=-0.8685 (large),
remove_HC+PE,throughput_dec_per_s,distributional,4500,1604.5835929786538,1638.5599024729147,133.88581028750457,81.03973986243504,2059.023981452312,1600.7195661092956,1608.6180723986674,,,9.1883,,0.9978,22212.0,0.0,True,Cohen's d=9.1883 (large); Cliff's delta=0.9978 (large),
remove_HC+PE,blind_decision_accuracy,proportional,4500,0.9824444444444445,1.0,0.13132919715239014,0.0,1.0,0.9786666666666667,0.9857833333333332,0.9781754796419792,0.9858904271399457,,0.1569,0.0264,9857250.0,0.0,True,Cohen's h=0.1569 (negligible); Cliff's delta=0.0264 (negligible),
remove_HC+PE,undetected_risk_rate,proportional,79,1.0,1.0,0.0,1.0,1.0,1.0,1.0,0.9536287883460772,1.0,,1.5328,0.481,1619.5,0.0,True,Cohen's h=1.5328 (large); Cliff's delta=0.481 (large),
remove_HC+PE,benign_flag_rate,proportional,4421,0.0,0.0,0.0,0.0,0.0,0.0,0.0,0.0,0.0008681573919527388,,-0.3792,-0.0355,9425572.0,0.0,True,Cohen's h=-0.3792 (small); Cliff's delta=-0.0355 (negligible),
remove_HC+PE,blind_risk_detection_recall,proportional,79,0.0,0.0,0.0,0.0,0.0,0.0,0.0,0.0,0.04637121165392266,,-1.5328,-0.481,1619.5,0.0,True,Cohen's h=-1.5328 (large); Cliff's delta=-0.481 (large),
remove_HC+PE,replay_determinism,proportional,4500,1.0,1.0,0.0,1.0,1.0,1.0,1.0,0.999147070593888,0.9999999999999999,,0.0,0.0,10125000.0,1.0,False,Cohen's h=0.0 (negligible); Cliff's delta=0.0 (negligible),
remove_HC+PE,replay_integrity,proportional,4500,0.0,0.0,0.0,0.0,0.0,0.0,0.0,0.0,0.0008529294061119083,,-3.1416,-1.0,0.0,0.0,True,Cohen's h=-3.1416 (large); Cliff's delta=-1.0 (large),
remove_HC+PE,evidence_completeness,proportional,4500,1.0,1.0,0.0,1.0,1.0,1.0,1.0,0.999147070593888,0.9999999999999999,,0.0,0.0,10125000.0,1.0,False,Cohen's h=0.0 (negligible); Cliff's delta=0.0 (negligible),
remove_HC+PE,predicate_pass_rate,proportional,0,,,,,,,,,,,,,,,,,"predicate_engine disabled: no predicate is evaluated, so coverage is 0 and the pass rate is vacuously 1 (nothing can fail)"
remove_HC+PE,revocation_compliance,proportional,225,1.0,1.0,0.0,1.0,1.0,1.0,1.0,0.9832134489943798,1.0,,0.0,0.0,24187.5,1.0,False,Cohen's h=0.0 (negligible); Cliff's delta=0.0 (negligible),
remove_HC+PE,hash_chain_integrity,proportional,71,0.014084507042253521,0.0,0.11783944035691205,0.0,1.0,0.0,0.04225352112676056,0.002490603270544213,0.07556050520249005,,-2.9037,-0.9859,35.5,0.0,True,Cohen's h=-2.9037 (large); Cliff's delta=-0.9859 (large),
remove_HC+PE,blind_runtime_detection,composite,300,0.5,0.5,0.0,0.5,0.5,0.5,0.5,,,,,-1.0,0.0,0.0,True,standardized bootstrap effect=-8.061096449722985 (large); Cliff's delta=-1.0 (large),
remove_HC+PE,predicate_coverage,composite,300,0.0,0.0,0.0,0.0,0.0,0.0,0.0,,,,,-1.0,0.0,0.0,True,standardized bootstrap effect=-10.142337741635655 (large); Cliff's delta=-1.0 (large),"predicate_engine disabled: no predicate is evaluated, so coverage is 0 and the pass rate is vacuously 1 (nothing can fail)"
remove_HC+PE,runtime_integrity_score,composite,300,0.3358607198748047,0.33568075117370894,0.0023600468835515737,0.3333333333333333,0.34507042253521125,0.3333333333333333,0.34037558685446007,,,,,-1.0,0.0,0.0,True,standardized bootstrap effect=-55.9350905272387 (large); Cliff's delta=-1.0 (large),
remove_HC+PE,ledger_integrity,deterministic,,,,,,,,,,,,,,,,,,
remove_EQ+RV,latency_ms,distributional,4500,1.140469299777775,1.0440415,0.4801008767863124,0.09375,22.187125,1.1272981321277777,1.1557738025444446,,,-1.0975,,-0.8421,1598907.0,0.0,True,Cohen's d=-1.0975 (large); Cliff's delta=-0.8421 (large),
remove_EQ+RV,runtime_overhead_ms,distributional,4500,0.0024027164444444748,0.001666,0.021502440327740492,0.001083,1.437333,0.002035459205555556,0.0030946912999999993,,,0.0654,,0.5632,4422182.0,0.0,True,Cohen's d=0.0654 (negligible); Cliff's delta=0.5632 (large),
remove_EQ+RV,throughput_dec_per_s,distributional,4500,922.1016109704193,957.8163381402242,230.5427572344486,45.0711843017065,10666.666666666666,915.8524308266727,929.1457501416124,,,1.5694,,0.8421,1598907.0,0.0,True,Cohen's d=1.5694 (large); Cliff's delta=0.8421 (large),
remove_EQ+RV,blind_decision_accuracy,proportional,4500,0.956,1.0,0.20509509989270833,0.0,1.0,0.9502222222222222,0.962,0.9496086568735477,0.9616134715080781,,0.0,0.0,10125000.0,1.0,False,Cohen's h=0.0 (negligible); Cliff's delta=0.0 (negligible),
remove_EQ+RV,undetected_risk_rate,proportional,79,0.5189873417721519,1.0,0.49963935078457095,0.0,1.0,0.4050632911392405,0.6329113924050633,0.4105110559940594,0.6257026954621209,,0.0,0.0,3120.5,1.0,False,Cohen's h=0.0 (negligible); Cliff's delta=0.0 (negligible),
remove_EQ+RV,benign_flag_rate,proportional,4421,0.035512327527708665,0.0,0.18507080299516024,0.0,1.0,0.030536077810450125,0.040940963582899795,0.030447665585278238,0.041383486282794577,,0.0,0.0,9772620.5,1.0,False,Cohen's h=0.0 (negligible); Cliff's delta=0.0 (negligible),
remove_EQ+RV,blind_risk_detection_recall,proportional,79,0.4810126582278481,0.0,0.49963935078457095,0.0,1.0,0.3670886075949367,0.5949367088607594,0.37429730453787924,0.5894889440059407,,0.0,0.0,3120.5,1.0,False,Cohen's h=0.0 (negligible); Cliff's delta=0.0 (negligible),
remove_EQ+RV,replay_determinism,proportional,4500,1.0,1.0,0.0,1.0,1.0,1.0,1.0,0.999147070593888,0.9999999999999999,,0.0,0.0,10125000.0,1.0,False,Cohen's h=0.0 (negligible); Cliff's delta=0.0 (negligible),
remove_EQ+RV,replay_integrity,proportional,4500,0.0,0.0,0.0,0.0,0.0,0.0,0.0,0.0,0.0008529294061119083,,-3.1416,-1.0,0.0,0.0,True,Cohen's h=-3.1416 (large); Cliff's delta=-1.0 (large),
remove_EQ+RV,evidence_completeness,proportional,4500,0.0,0.0,0.0,0.0,0.0,0.0,0.0,0.0,0.0008529294061119083,,-3.1416,-1.0,0.0,0.0,True,Cohen's h=-3.1416 (large); Cliff's delta=-1.0 (large),
remove_EQ+RV,predicate_pass_rate,proportional,45000,0.9954666666666667,1.0,0.06717724482458493,0.0,1.0,0.9948444444444444,0.9960444444444444,0.9948022869395206,0.9960464618456797,,0.0,0.0,1012500000.0,1.0,False,Cohen's h=0.0 (negligible); Cliff's delta=0.0 (negligible),
remove_EQ+RV,revocation_compliance,proportional,215,0.0,0.0,0.0,0.0,0.0,0.0,0.0,0.0,0.017553615486732756,,-3.1416,-1.0,0.0,0.0,True,Cohen's h=-3.1416 (large); Cliff's delta=-1.0 (large),
remove_EQ+RV,hash_chain_integrity,proportional,0,,,,,,,,,,,,,,,,,"evidence_quad disabled: no ERTuples are emitted, so the ledger has nothing to chain"
remove_EQ+RV,blind_runtime_detection,composite,300,0.7233518199346824,0.7243098466607123,0.02770737471356742,0.6265343969856643,0.7836839610978323,0.6684087493283071,0.7756504524886878,,,,,0.0,45000.0,1.0,False,standardized bootstrap effect=0.0 (negligible); Cliff's delta=0.0 (negligible),
remove_EQ+RV,predicate_coverage,composite,300,0.6746666666666641,0.7,0.06651983831075424,0.5,0.7,0.5,0.7,,,,,0.0,45000.0,1.0,False,standardized bootstrap effect=0.0 (negligible); Cliff's delta=0.0 (negligible),
remove_EQ+RV,runtime_integrity_score,composite,300,0.15921134330805622,0.16666666666666666,0.01160453452784681,0.10043224002034072,0.16666666666666666,0.12941238638765587,0.16666666666666666,,,,,-1.0,0.0,0.0,True,standardized bootstrap effect=None (large); Cliff's delta=-1.0 (large),
remove_EQ+RV,ledger_integrity,deterministic,,,,,,,,,,,,,,,,,,evidence_quad disabled: the ledger has no evidence to chain (0 blocks)
remove_LG+RV,latency_ms,distributional,4500,1.3968097035555525,1.308333,0.2832080080180692,0.434459,11.613292,1.3889805148555556,1.4059377447722223,,,-0.589,,-0.6222,3825442.0,0.0,True,Cohen's d=-0.589 (medium); Cliff's delta=-0.6222 (large),
remove_LG+RV,runtime_overhead_ms,distributional,4500,0.0018731668888889033,0.001541,0.0012209642526086089,0.001125,0.024791,0.0018395251944444448,0.0019096706333333335,,,0.4996,,0.4249,5823249.0,0.0,True,Cohen's d=0.4996 (small); Cliff's delta=0.4249 (medium),
remove_LG+RV,throughput_dec_per_s,distributional,4500,733.1449099751028,764.3314049251987,100.59299353970313,86.10822839897594,2301.7131651087907,730.0861894203831,736.1441646460165,,,0.9125,,0.6222,3825442.0,0.0,True,Cohen's d=0.9125 (large); Cliff's delta=0.6222 (large),
remove_LG+RV,blind_decision_accuracy,proportional,4500,0.956,1.0,0.20509509989270833,0.0,1.0,0.9502222222222222,0.962,0.9496086568735477,0.9616134715080781,,0.0,0.0,10125000.0,1.0,False,Cohen's h=0.0 (negligible); Cliff's delta=0.0 (negligible),
remove_LG+RV,undetected_risk_rate,proportional,79,0.5189873417721519,1.0,0.49963935078457095,0.0,1.0,0.4050632911392405,0.6329113924050633,0.4105110559940594,0.6257026954621209,,0.0,0.0,3120.5,1.0,False,Cohen's h=0.0 (negligible); Cliff's delta=0.0 (negligible),
remove_LG+RV,benign_flag_rate,proportional,4421,0.035512327527708665,0.0,0.18507080299516024,0.0,1.0,0.030536077810450125,0.040940963582899795,0.030447665585278238,0.041383486282794577,,0.0,0.0,9772620.5,1.0,False,Cohen's h=0.0 (negligible); Cliff's delta=0.0 (negligible),
remove_LG+RV,blind_risk_detection_recall,proportional,79,0.4810126582278481,0.0,0.49963935078457095,0.0,1.0,0.3670886075949367,0.5949367088607594,0.37429730453787924,0.5894889440059407,,0.0,0.0,3120.5,1.0,False,Cohen's h=0.0 (negligible); Cliff's delta=0.0 (negligible),
remove_LG+RV,replay_determinism,proportional,4500,1.0,1.0,0.0,1.0,1.0,1.0,1.0,0.999147070593888,0.9999999999999999,,0.0,0.0,10125000.0,1.0,False,Cohen's h=0.0 (negligible); Cliff's delta=0.0 (negligible),
remove_LG+RV,replay_integrity,proportional,4500,0.0,0.0,0.0,0.0,0.0,0.0,0.0,0.0,0.0008529294061119083,,-3.1416,-1.0,0.0,0.0,True,Cohen's h=-3.1416 (large); Cliff's delta=-1.0 (large),
remove_LG+RV,evidence_completeness,proportional,4500,1.0,1.0,0.0,1.0,1.0,1.0,1.0,0.999147070593888,0.9999999999999999,,0.0,0.0,10125000.0,1.0,False,Cohen's h=0.0 (negligible); Cliff's delta=0.0 (negligible),
remove_LG+RV,predicate_pass_rate,proportional,45000,0.9954666666666667,1.0,0.06717724482458493,0.0,1.0,0.9948444444444444,0.9960444444444444,0.9948022869395206,0.9960464618456797,,0.0,0.0,1012500000.0,1.0,False,Cohen's h=0.0 (negligible); Cliff's delta=0.0 (negligible),
remove_LG+RV,revocation_compliance,proportional,215,0.0,0.0,0.0,0.0,0.0,0.0,0.0,0.0,0.017553615486732756,,-3.1416,-1.0,0.0,0.0,True,Cohen's h=-3.1416 (large); Cliff's delta=-1.0 (large),
remove_LG+RV,hash_chain_integrity,proportional,0,,,,,,,,,,,,,,,,,"runtime_ledger disabled: no ledger blocks exist, so there are no chain links to verify"
remove_LG+RV,blind_runtime_detection,composite,300,0.7233518199346824,0.7243098466607123,0.02770737471356742,0.6265343969856643,0.7836839610978323,0.6684087493283071,0.7756504524886878,,,,,0.0,45000.0,1.0,False,standardized bootstrap effect=0.0 (negligible); Cliff's delta=0.0 (negligible),
remove_LG+RV,predicate_coverage,composite,300,0.6746666666666641,0.7,0.06651983831075424,0.5,0.7,0.5,0.7,,,,,0.0,45000.0,1.0,False,standardized bootstrap effect=0.0 (negligible); Cliff's delta=0.0 (negligible),
remove_LG+RV,runtime_integrity_score,composite,300,0.32587800997472255,0.3333333333333333,0.011604534527846806,0.26709890668700736,0.3333333333333333,0.2960790530543225,0.3333333333333333,,,,,-1.0,0.0,0.0,True,standardized bootstrap effect=None (large); Cliff's delta=-1.0 (large),
remove_LG+RV,ledger_integrity,deterministic,,,,,,,,,,,,,,,,,,runtime_ledger disabled: there is no ledger to verify
remove_HC+RV,latency_ms,distributional,4500,1.2787212371111085,1.2585834999999999,0.1064970625531824,0.379584,2.266709,1.2755862958666666,1.2818123228666667,,,-2.0609,,-0.863,1387620.5,0.0,True,Cohen's d=-2.0609 (large); Cliff's delta=-0.863 (large),
remove_HC+RV,runtime_overhead_ms,distributional,4500,0.0014103688888889051,0.001375,0.00038776516078805695,0.001083,0.023042,0.0014010036444444443,0.0014238184055555556,,,0.0041,,0.0795,9319755.0,0.0,True,Cohen's d=0.0041 (negligible); Cliff's delta=0.0795 (negligible),
remove_HC+RV,throughput_dec_per_s,distributional,4500,786.7209598063909,794.5440250886476,63.63901551891174,441.16823112274227,2634.462991063902,784.91380605002,788.5398302593467,,,2.119,,0.863,1387620.5,0.0,True,Cohen's d=2.119 (large); Cliff's delta=0.863 (large),
remove_HC+RV,blind_decision_accuracy,proportional,4500,0.956,1.0,0.20509509989270833,0.0,1.0,0.9502222222222222,0.962,0.9496086568735477,0.9616134715080781,,0.0,0.0,10125000.0,1.0,False,Cohen's h=0.0 (negligible); Cliff's delta=0.0 (negligible),
remove_HC+RV,undetected_risk_rate,proportional,79,0.5189873417721519,1.0,0.49963935078457095,0.0,1.0,0.4050632911392405,0.6329113924050633,0.4105110559940594,0.6257026954621209,,0.0,0.0,3120.5,1.0,False,Cohen's h=0.0 (negligible); Cliff's delta=0.0 (negligible),
remove_HC+RV,benign_flag_rate,proportional,4421,0.035512327527708665,0.0,0.18507080299516024,0.0,1.0,0.030536077810450125,0.040940963582899795,0.030447665585278238,0.041383486282794577,,0.0,0.0,9772620.5,1.0,False,Cohen's h=0.0 (negligible); Cliff's delta=0.0 (negligible),
remove_HC+RV,blind_risk_detection_recall,proportional,79,0.4810126582278481,0.0,0.49963935078457095,0.0,1.0,0.3670886075949367,0.5949367088607594,0.37429730453787924,0.5894889440059407,,0.0,0.0,3120.5,1.0,False,Cohen's h=0.0 (negligible); Cliff's delta=0.0 (negligible),
remove_HC+RV,replay_determinism,proportional,4500,1.0,1.0,0.0,1.0,1.0,1.0,1.0,0.999147070593888,0.9999999999999999,,0.0,0.0,10125000.0,1.0,False,Cohen's h=0.0 (negligible); Cliff's delta=0.0 (negligible),
remove_HC+RV,replay_integrity,proportional,4500,0.0,0.0,0.0,0.0,0.0,0.0,0.0,0.0,0.0008529294061119083,,-3.1416,-1.0,0.0,0.0,True,Cohen's h=-3.1416 (large); Cliff's delta=-1.0 (large),
remove_HC+RV,evidence_completeness,proportional,4500,1.0,1.0,0.0,1.0,1.0,1.0,1.0,0.999147070593888,0.9999999999999999,,0.0,0.0,10125000.0,1.0,False,Cohen's h=0.0 (negligible); Cliff's delta=0.0 (negligible),
remove_HC+RV,predicate_pass_rate,proportional,45000,0.9954666666666667,1.0,0.06717724482458493,0.0,1.0,0.9948444444444444,0.9960444444444444,0.9948022869395206,0.9960464618456797,,0.0,0.0,1012500000.0,1.0,False,Cohen's h=0.0 (negligible); Cliff's delta=0.0 (negligible),
remove_HC+RV,revocation_compliance,proportional,215,0.0,0.0,0.0,0.0,0.0,0.0,0.0,0.0,0.017553615486732756,,-3.1416,-1.0,0.0,0.0,True,Cohen's h=-3.1416 (large); Cliff's delta=-1.0 (large),
remove_HC+RV,hash_chain_integrity,proportional,71,0.014084507042253521,0.0,0.11783944035691205,0.0,1.0,0.0,0.04225352112676056,0.002490603270544213,0.07556050520249005,,-2.9037,-0.9859,35.5,0.0,True,Cohen's h=-2.9037 (large); Cliff's delta=-0.9859 (large),
remove_HC+RV,blind_runtime_detection,composite,300,0.7233518199346824,0.7243098466607123,0.02770737471356742,0.6265343969856643,0.7836839610978323,0.6684087493283071,0.7756504524886878,,,,,0.0,45000.0,1.0,False,standardized bootstrap effect=0.0 (negligible); Cliff's delta=0.0 (negligible),
remove_HC+RV,predicate_coverage,composite,300,0.6746666666666641,0.7,0.06651983831075424,0.5,0.7,0.5,0.7,,,,,0.0,45000.0,1.0,False,standardized bootstrap effect=0.0 (negligible); Cliff's delta=0.0 (negligible),
remove_HC+RV,runtime_integrity_score,composite,300,0.32840539651619466,0.3333333333333333,0.011943197632307705,0.26709890668700736,0.3427230046948357,0.29843093649617,0.34037558685446007,,,,,-1.0,0.0,0.0,True,standardized bootstrap effect=-281.4093587521226 (large); Cliff's delta=-1.0 (large),
remove_HC+RV,ledger_integrity,deterministic,,,,,,,,,,,,,,,,,,
remove_EQ+LG,latency_ms,distributional,4500,1.2419900864444466,1.226,0.2614678762836857,0.083,14.805083,1.2354783807944443,1.2504444136388888,,,-1.3744,,-0.9288,721185.0,0.0,True,Cohen's d=-1.3744 (large); Cliff's delta=-0.9288 (large),
remove_EQ+LG,runtime_overhead_ms,distributional,4500,0.0014787108888889018,0.001292,0.0017991791437496308,0.001041,0.113792,0.0014400175166666665,0.001540031572222222,,,0.0532,,-0.1395,8712342.5,0.0,True,Cohen's d=0.0532 (negligible); Cliff's delta=-0.1395 (negligible),
remove_EQ+LG,throughput_dec_per_s,distributional,4500,818.5506925603846,815.6606851549756,205.8294082989532,67.54436972761314,12048.192771084337,813.4922330924511,825.5439266512323,,,1.0596,,0.9288,721185.0,0.0,True,Cohen's d=1.0596 (large); Cliff's delta=0.9288 (large),
remove_EQ+LG,blind_decision_accuracy,proportional,4500,0.956,1.0,0.20509509989270833,0.0,1.0,0.9502222222222222,0.962,0.9496086568735477,0.9616134715080781,,0.0,0.0,10125000.0,1.0,False,Cohen's h=0.0 (negligible); Cliff's delta=0.0 (negligible),
remove_EQ+LG,undetected_risk_rate,proportional,79,0.5189873417721519,1.0,0.49963935078457095,0.0,1.0,0.4050632911392405,0.6329113924050633,0.4105110559940594,0.6257026954621209,,0.0,0.0,3120.5,1.0,False,Cohen's h=0.0 (negligible); Cliff's delta=0.0 (negligible),
remove_EQ+LG,benign_flag_rate,proportional,4421,0.035512327527708665,0.0,0.18507080299516024,0.0,1.0,0.030536077810450125,0.040940963582899795,0.030447665585278238,0.041383486282794577,,0.0,0.0,9772620.5,1.0,False,Cohen's h=0.0 (negligible); Cliff's delta=0.0 (negligible),
remove_EQ+LG,blind_risk_detection_recall,proportional,79,0.4810126582278481,0.0,0.49963935078457095,0.0,1.0,0.3670886075949367,0.5949367088607594,0.37429730453787924,0.5894889440059407,,0.0,0.0,3120.5,1.0,False,Cohen's h=0.0 (negligible); Cliff's delta=0.0 (negligible),
remove_EQ+LG,replay_determinism,proportional,4500,1.0,1.0,0.0,1.0,1.0,1.0,1.0,0.999147070593888,0.9999999999999999,,0.0,0.0,10125000.0,1.0,False,Cohen's h=0.0 (negligible); Cliff's delta=0.0 (negligible),
remove_EQ+LG,replay_integrity,proportional,4500,0.0,0.0,0.0,0.0,0.0,0.0,0.0,0.0,0.0008529294061119083,,-3.1416,-1.0,0.0,0.0,True,Cohen's h=-3.1416 (large); Cliff's delta=-1.0 (large),
remove_EQ+LG,evidence_completeness,proportional,4500,0.0,0.0,0.0,0.0,0.0,0.0,0.0,0.0,0.0008529294061119083,,-3.1416,-1.0,0.0,0.0,True,Cohen's h=-3.1416 (large); Cliff's delta=-1.0 (large),
remove_EQ+LG,predicate_pass_rate,proportional,45000,0.9954666666666667,1.0,0.06717724482458493,0.0,1.0,0.9948444444444444,0.9960444444444444,0.9948022869395206,0.9960464618456797,,0.0,0.0,1012500000.0,1.0,False,Cohen's h=0.0 (negligible); Cliff's delta=0.0 (negligible),
remove_EQ+LG,revocation_compliance,proportional,215,1.0,1.0,0.0,1.0,1.0,1.0,1.0,0.9824463845132672,1.0,,0.0,0.0,23112.5,1.0,False,Cohen's h=0.0 (negligible); Cliff's delta=0.0 (negligible),
remove_EQ+LG,hash_chain_integrity,proportional,0,,,,,,,,,,,,,,,,,"runtime_ledger disabled: no ledger blocks exist, so there are no chain links to verify"
remove_EQ+LG,blind_runtime_detection,composite,300,0.7233518199346824,0.7243098466607123,0.02770737471356742,0.6265343969856643,0.7836839610978323,0.6684087493283071,0.7756504524886878,,,,,0.0,45000.0,1.0,False,standardized bootstrap effect=0.0 (negligible); Cliff's delta=0.0 (negligible),
remove_EQ+LG,predicate_coverage,composite,300,0.6746666666666641,0.7,0.06651983831075424,0.5,0.7,0.5,0.7,,,,,0.0,45000.0,1.0,False,standardized bootstrap effect=0.0 (negligible); Cliff's delta=0.0 (negligible),
remove_EQ+LG,runtime_integrity_score,composite,300,0.32587800997472255,0.3333333333333333,0.011604534527846806,0.26709890668700736,0.3333333333333333,0.2960790530543225,0.3333333333333333,,,,,-1.0,0.0,0.0,True,standardized bootstrap effect=None (large); Cliff's delta=-1.0 (large),
remove_EQ+LG,ledger_integrity,deterministic,,,,,,,,,,,,,,,,,,runtime_ledger disabled: there is no ledger to verify
remove_EQ+HC,latency_ms,distributional,4500,1.2301251780000022,1.231625,0.10912792452807385,0.085375,3.654584,1.2271114960277778,1.2332655325611113,,,-2.4403,,-0.9417,590506.5,0.0,True,Cohen's d=-2.4403 (large); Cliff's delta=-0.9417 (large),
remove_EQ+HC,runtime_overhead_ms,distributional,4500,0.0014243417777777658,0.001292,0.0006512691159652612,0.001083,0.025417,0.0014065014222222224,0.001444974011111111,,,0.0274,,-0.1501,8605176.5,0.0,True,Cohen's d=0.0274 (negligible); Cliff's delta=-0.1501 (small),
remove_EQ+HC,throughput_dec_per_s,distributional,4500,822.0741945410451,811.9354511316351,207.61031408701834,273.62895475928315,11713.03074670571,817.077017160216,829.1518595172502,,,1.0743,,0.9417,590506.5,0.0,True,Cohen's d=1.0743 (large); Cliff's delta=0.9417 (large),
remove_EQ+HC,blind_decision_accuracy,proportional,4500,0.956,1.0,0.20509509989270833,0.0,1.0,0.9502222222222222,0.962,0.9496086568735477,0.9616134715080781,,0.0,0.0,10125000.0,1.0,False,Cohen's h=0.0 (negligible); Cliff's delta=0.0 (negligible),
remove_EQ+HC,undetected_risk_rate,proportional,79,0.5189873417721519,1.0,0.49963935078457095,0.0,1.0,0.4050632911392405,0.6329113924050633,0.4105110559940594,0.6257026954621209,,0.0,0.0,3120.5,1.0,False,Cohen's h=0.0 (negligible); Cliff's delta=0.0 (negligible),
remove_EQ+HC,benign_flag_rate,proportional,4421,0.035512327527708665,0.0,0.18507080299516024,0.0,1.0,0.030536077810450125,0.040940963582899795,0.030447665585278238,0.041383486282794577,,0.0,0.0,9772620.5,1.0,False,Cohen's h=0.0 (negligible); Cliff's delta=0.0 (negligible),
remove_EQ+HC,blind_risk_detection_recall,proportional,79,0.4810126582278481,0.0,0.49963935078457095,0.0,1.0,0.3670886075949367,0.5949367088607594,0.37429730453787924,0.5894889440059407,,0.0,0.0,3120.5,1.0,False,Cohen's h=0.0 (negligible); Cliff's delta=0.0 (negligible),
remove_EQ+HC,replay_determinism,proportional,4500,1.0,1.0,0.0,1.0,1.0,1.0,1.0,0.999147070593888,0.9999999999999999,,0.0,0.0,10125000.0,1.0,False,Cohen's h=0.0 (negligible); Cliff's delta=0.0 (negligible),
remove_EQ+HC,replay_integrity,proportional,4500,0.0,0.0,0.0,0.0,0.0,0.0,0.0,0.0,0.0008529294061119083,,-3.1416,-1.0,0.0,0.0,True,Cohen's h=-3.1416 (large); Cliff's delta=-1.0 (large),
remove_EQ+HC,evidence_completeness,proportional,4500,0.0,0.0,0.0,0.0,0.0,0.0,0.0,0.0,0.0008529294061119083,,-3.1416,-1.0,0.0,0.0,True,Cohen's h=-3.1416 (large); Cliff's delta=-1.0 (large),
remove_EQ+HC,predicate_pass_rate,proportional,45000,0.9954666666666667,1.0,0.06717724482458493,0.0,1.0,0.9948444444444444,0.9960444444444444,0.9948022869395206,0.9960464618456797,,0.0,0.0,1012500000.0,1.0,False,Cohen's h=0.0 (negligible); Cliff's delta=0.0 (negligible),
remove_EQ+HC,revocation_compliance,proportional,215,1.0,1.0,0.0,1.0,1.0,1.0,1.0,0.9824463845132672,1.0,,0.0,0.0,23112.5,1.0,False,Cohen's h=0.0 (negligible); Cliff's delta=0.0 (negligible),
remove_EQ+HC,hash_chain_integrity,proportional,0,,,,,,,,,,,,,,,,,"evidence_quad disabled: no ERTuples are emitted, so the ledger has nothing to chain"
remove_EQ+HC,blind_runtime_detection,composite,300,0.7233518199346824,0.7243098466607123,0.02770737471356742,0.6265343969856643,0.7836839610978323,0.6684087493283071,0.7756504524886878,,,,,0.0,45000.0,1.0,False,standardized bootstrap effect=0.0 (negligible); Cliff's delta=0.0 (negligible),
remove_EQ+HC,predicate_coverage,composite,300,0.6746666666666641,0.7,0.06651983831075424,0.5,0.7,0.5,0.7,,,,,0.0,45000.0,1.0,False,standardized bootstrap effect=0.0 (negligible); Cliff's delta=0.0 (negligible),
remove_EQ+HC,runtime_integrity_score,composite,300,0.32587800997472255,0.3333333333333333,0.011604534527846806,0.26709890668700736,0.3333333333333333,0.2960790530543225,0.3333333333333333,,,,,-1.0,0.0,0.0,True,standardized bootstrap effect=None (large); Cliff's delta=-1.0 (large),
remove_EQ+HC,ledger_integrity,deterministic,,,,,,,,,,,,,,,,,,evidence_quad disabled: the ledger has no evidence to chain (0 blocks)
remove_HC+LG,latency_ms,distributional,4500,1.5605615942222248,1.527792,0.18933900791692196,0.386459,5.690375,1.5551353805555554,1.5664072672500002,,,0.2041,,0.0851,9262970.5,0.0,True,Cohen's d=0.2041 (small); Cliff's delta=0.0851 (negligible),
remove_HC+LG,runtime_overhead_ms,distributional,4500,0.0014882395555555611,0.001375,0.0007132717321936073,0.001125,0.037333,0.0014694680777777777,0.0015108166944444441,,,0.1304,,0.121,8899442.0,0.0,True,Cohen's d=0.1304 (negligible); Cliff's delta=0.121 (negligible),
remove_HC+LG,throughput_dec_per_s,distributional,4500,647.8772739069392,654.5393613790359,69.0627471083209,175.7353425740834,2587.59661438859,645.9093735538686,649.9160797087476,,,-0.1669,,-0.0851,9262970.5,0.0,True,Cohen's d=-0.1669 (negligible); Cliff's delta=-0.0851 (negligible),
remove_HC+LG,blind_decision_accuracy,proportional,4500,0.956,1.0,0.20509509989270833,0.0,1.0,0.9502222222222222,0.962,0.9496086568735477,0.9616134715080781,,0.0,0.0,10125000.0,1.0,False,Cohen's h=0.0 (negligible); Cliff's delta=0.0 (negligible),
remove_HC+LG,undetected_risk_rate,proportional,79,0.5189873417721519,1.0,0.49963935078457095,0.0,1.0,0.4050632911392405,0.6329113924050633,0.4105110559940594,0.6257026954621209,,0.0,0.0,3120.5,1.0,False,Cohen's h=0.0 (negligible); Cliff's delta=0.0 (negligible),
remove_HC+LG,benign_flag_rate,proportional,4421,0.035512327527708665,0.0,0.18507080299516024,0.0,1.0,0.030536077810450125,0.040940963582899795,0.030447665585278238,0.041383486282794577,,0.0,0.0,9772620.5,1.0,False,Cohen's h=0.0 (negligible); Cliff's delta=0.0 (negligible),
remove_HC+LG,blind_risk_detection_recall,proportional,79,0.4810126582278481,0.0,0.49963935078457095,0.0,1.0,0.3670886075949367,0.5949367088607594,0.37429730453787924,0.5894889440059407,,0.0,0.0,3120.5,1.0,False,Cohen's h=0.0 (negligible); Cliff's delta=0.0 (negligible),
remove_HC+LG,replay_determinism,proportional,4500,1.0,1.0,0.0,1.0,1.0,1.0,1.0,0.999147070593888,0.9999999999999999,,0.0,0.0,10125000.0,1.0,False,Cohen's h=0.0 (negligible); Cliff's delta=0.0 (negligible),
remove_HC+LG,replay_integrity,proportional,4500,0.0,0.0,0.0,0.0,0.0,0.0,0.0,0.0,0.0008529294061119083,,-3.1416,-1.0,0.0,0.0,True,Cohen's h=-3.1416 (large); Cliff's delta=-1.0 (large),
remove_HC+LG,evidence_completeness,proportional,4500,1.0,1.0,0.0,1.0,1.0,1.0,1.0,0.999147070593888,0.9999999999999999,,0.0,0.0,10125000.0,1.0,False,Cohen's h=0.0 (negligible); Cliff's delta=0.0 (negligible),
remove_HC+LG,predicate_pass_rate,proportional,45000,0.9954666666666667,1.0,0.06717724482458493,0.0,1.0,0.9948444444444444,0.9960444444444444,0.9948022869395206,0.9960464618456797,,0.0,0.0,1012500000.0,1.0,False,Cohen's h=0.0 (negligible); Cliff's delta=0.0 (negligible),
remove_HC+LG,revocation_compliance,proportional,215,1.0,1.0,0.0,1.0,1.0,1.0,1.0,0.9824463845132672,1.0,,0.0,0.0,23112.5,1.0,False,Cohen's h=0.0 (negligible); Cliff's delta=0.0 (negligible),
remove_HC+LG,hash_chain_integrity,proportional,0,,,,,,,,,,,,,,,,,"runtime_ledger disabled: no ledger blocks exist, so there are no chain links to verify"
remove_HC+LG,blind_runtime_detection,composite,300,0.7233518199346824,0.7243098466607123,0.02770737471356742,0.6265343969856643,0.7836839610978323,0.6684087493283071,0.7756504524886878,,,,,0.0,45000.0,1.0,False,standardized bootstrap effect=0.0 (negligible); Cliff's delta=0.0 (negligible),
remove_HC+LG,predicate_coverage,composite,300,0.6746666666666641,0.7,0.06651983831075424,0.5,0.7,0.5,0.7,,,,,0.0,45000.0,1.0,False,standardized bootstrap effect=0.0 (negligible); Cliff's delta=0.0 (negligible),
remove_HC+LG,runtime_integrity_score,composite,300,0.49254467664139007,0.5,0.011604534527846813,0.43376557335367405,0.5,0.4627457197209892,0.5,,,,,-1.0,0.0,0.0,True,standardized bootstrap effect=None (large); Cliff's delta=-1.0 (large),
remove_HC+LG,ledger_integrity,deterministic,,,,,,,,,,,,,,,,,,runtime_ledger disabled: there is no ledger to verify
remove_EQ+PE+RV,latency_ms,distributional,4500,0.05625243088888896,0.05575,0.01715062781414855,0.047417,1.082958,0.05586684274444445,0.05685247307777777,,,-15.4983,,-1.0,5.0,0.0,True,Cohen's d=-15.4983 (large); Cliff's delta=-1.0 (large),
remove_EQ+PE+RV,runtime_overhead_ms,distributional,4500,0.0006356668888888697,0.000625,0.00011062878836345191,0.000541,0.006667,0.0006329929277777778,0.0006392443444444445,,,-2.1819,,-0.9983,16769.5,0.0,True,Cohen's d=-2.1819 (large); Cliff's delta=-0.9983 (large),
remove_EQ+PE+RV,throughput_dec_per_s,distributional,4500,18001.910673090057,17937.219730941702,1537.8737631415054,923.3968445683026,21089.482674989984,17958.657842006924,18048.105500614358,,,15.9361,,1.0,5.0,0.0,True,Cohen's d=15.9361 (large); Cliff's delta=1.0 (large),
remove_EQ+PE+RV,blind_decision_accuracy,proportional,4500,0.9824444444444445,1.0,0.13132919715239014,0.0,1.0,0.9786666666666667,0.9857833333333332,0.9781754796419792,0.9858904271399457,,0.1569,0.0264,9857250.0,0.0,True,Cohen's h=0.1569 (negligible); Cliff's delta=0.0264 (negligible),
remove_EQ+PE+RV,undetected_risk_rate,proportional,79,1.0,1.0,0.0,1.0,1.0,1.0,1.0,0.9536287883460772,1.0,,1.5328,0.481,1619.5,0.0,True,Cohen's h=1.5328 (large); Cliff's delta=0.481 (large),
remove_EQ+PE+RV,benign_flag_rate,proportional,4421,0.0,0.0,0.0,0.0,0.0,0.0,0.0,0.0,0.0008681573919527388,,-0.3792,-0.0355,9425572.0,0.0,True,Cohen's h=-0.3792 (small); Cliff's delta=-0.0355 (negligible),
remove_EQ+PE+RV,blind_risk_detection_recall,proportional,79,0.0,0.0,0.0,0.0,0.0,0.0,0.0,0.0,0.04637121165392266,,-1.5328,-0.481,1619.5,0.0,True,Cohen's h=-1.5328 (large); Cliff's delta=-0.481 (large),
remove_EQ+PE+RV,replay_determinism,proportional,4500,1.0,1.0,0.0,1.0,1.0,1.0,1.0,0.999147070593888,0.9999999999999999,,0.0,0.0,10125000.0,1.0,False,Cohen's h=0.0 (negligible); Cliff's delta=0.0 (negligible),
remove_EQ+PE+RV,replay_integrity,proportional,4500,0.0,0.0,0.0,0.0,0.0,0.0,0.0,0.0,0.0008529294061119083,,-3.1416,-1.0,0.0,0.0,True,Cohen's h=-3.1416 (large); Cliff's delta=-1.0 (large),
remove_EQ+PE+RV,evidence_completeness,proportional,4500,0.0,0.0,0.0,0.0,0.0,0.0,0.0,0.0,0.0008529294061119083,,-3.1416,-1.0,0.0,0.0,True,Cohen's h=-3.1416 (large); Cliff's delta=-1.0 (large),
remove_EQ+PE+RV,predicate_pass_rate,proportional,0,,,,,,,,,,,,,,,,,"predicate_engine disabled: no predicate is evaluated, so coverage is 0 and the pass rate is vacuously 1 (nothing can fail)"
remove_EQ+PE+RV,revocation_compliance,proportional,225,0.0,0.0,0.0,0.0,0.0,0.0,0.0,1.734723475976807e-18,0.016786551005620237,,-3.1416,-1.0,0.0,0.0,True,Cohen's h=-3.1416 (large); Cliff's delta=-1.0 (large),
remove_EQ+PE+RV,hash_chain_integrity,proportional,0,,,,,,,,,,,,,,,,,"evidence_quad disabled: no ERTuples are emitted, so the ledger has nothing to chain"
remove_EQ+PE+RV,blind_runtime_detection,composite,300,0.5,0.5,0.0,0.5,0.5,0.5,0.5,,,,,-1.0,0.0,0.0,True,standardized bootstrap effect=-8.061096449722985 (large); Cliff's delta=-1.0 (large),
remove_EQ+PE+RV,predicate_coverage,composite,300,0.0,0.0,0.0,0.0,0.0,0.0,0.0,,,,,-1.0,0.0,0.0,True,standardized bootstrap effect=-10.142337741635655 (large); Cliff's delta=-1.0 (large),"predicate_engine disabled: no predicate is evaluated, so coverage is 0 and the pass rate is vacuously 1 (nothing can fail)"
remove_EQ+PE+RV,runtime_integrity_score,composite,300,0.0,0.0,0.0,0.0,0.0,0.0,0.0,,,,,-1.0,0.0,0.0,True,standardized bootstrap effect=-85.53076163973925 (large); Cliff's delta=-1.0 (large),
remove_EQ+PE+RV,ledger_integrity,deterministic,,,,,,,,,,,,,,,,,,evidence_quad disabled: the ledger has no evidence to chain (0 blocks)
remove_EQ+HC+LG,latency_ms,distributional,4500,1.242473599999999,1.2303545,0.12428420160342718,0.078583,2.415417,1.2387264223833334,1.2458971384722222,,,-2.2106,,-0.9194,816321.5,0.0,True,Cohen's d=-2.2106 (large); Cliff's delta=-0.9194 (large),
remove_EQ+HC+LG,runtime_overhead_ms,distributional,4500,0.0013641071111111294,0.00125,0.0006159219164747075,0.001041,0.025542,0.0013473708000000001,0.0013841026722222224,,,-0.0799,,-0.3462,6619890.5,0.0,True,Cohen's d=-0.0799 (negligible); Cliff's delta=-0.3462 (medium),
remove_EQ+HC+LG,throughput_dec_per_s,distributional,4500,815.5231304760849,812.7738796238139,218.0446892032142,414.0071879927979,12725.398623111869,810.4491121303719,822.9351370942035,,,0.9852,,0.9194,816321.5,0.0,True,Cohen's d=0.9852 (large); Cliff's delta=0.9194 (large),
remove_EQ+HC+LG,blind_decision_accuracy,proportional,4500,0.956,1.0,0.20509509989270833,0.0,1.0,0.9502222222222222,0.962,0.9496086568735477,0.9616134715080781,,0.0,0.0,10125000.0,1.0,False,Cohen's h=0.0 (negligible); Cliff's delta=0.0 (negligible),
remove_EQ+HC+LG,undetected_risk_rate,proportional,79,0.5189873417721519,1.0,0.49963935078457095,0.0,1.0,0.4050632911392405,0.6329113924050633,0.4105110559940594,0.6257026954621209,,0.0,0.0,3120.5,1.0,False,Cohen's h=0.0 (negligible); Cliff's delta=0.0 (negligible),
remove_EQ+HC+LG,benign_flag_rate,proportional,4421,0.035512327527708665,0.0,0.18507080299516024,0.0,1.0,0.030536077810450125,0.040940963582899795,0.030447665585278238,0.041383486282794577,,0.0,0.0,9772620.5,1.0,False,Cohen's h=0.0 (negligible); Cliff's delta=0.0 (negligible),
remove_EQ+HC+LG,blind_risk_detection_recall,proportional,79,0.4810126582278481,0.0,0.49963935078457095,0.0,1.0,0.3670886075949367,0.5949367088607594,0.37429730453787924,0.5894889440059407,,0.0,0.0,3120.5,1.0,False,Cohen's h=0.0 (negligible); Cliff's delta=0.0 (negligible),
remove_EQ+HC+LG,replay_determinism,proportional,4500,1.0,1.0,0.0,1.0,1.0,1.0,1.0,0.999147070593888,0.9999999999999999,,0.0,0.0,10125000.0,1.0,False,Cohen's h=0.0 (negligible); Cliff's delta=0.0 (negligible),
remove_EQ+HC+LG,replay_integrity,proportional,4500,0.0,0.0,0.0,0.0,0.0,0.0,0.0,0.0,0.0008529294061119083,,-3.1416,-1.0,0.0,0.0,True,Cohen's h=-3.1416 (large); Cliff's delta=-1.0 (large),
remove_EQ+HC+LG,evidence_completeness,proportional,4500,0.0,0.0,0.0,0.0,0.0,0.0,0.0,0.0,0.0008529294061119083,,-3.1416,-1.0,0.0,0.0,True,Cohen's h=-3.1416 (large); Cliff's delta=-1.0 (large),
remove_EQ+HC+LG,predicate_pass_rate,proportional,45000,0.9954666666666667,1.0,0.06717724482458493,0.0,1.0,0.9948444444444444,0.9960444444444444,0.9948022869395206,0.9960464618456797,,0.0,0.0,1012500000.0,1.0,False,Cohen's h=0.0 (negligible); Cliff's delta=0.0 (negligible),
remove_EQ+HC+LG,revocation_compliance,proportional,215,1.0,1.0,0.0,1.0,1.0,1.0,1.0,0.9824463845132672,1.0,,0.0,0.0,23112.5,1.0,False,Cohen's h=0.0 (negligible); Cliff's delta=0.0 (negligible),
remove_EQ+HC+LG,hash_chain_integrity,proportional,0,,,,,,,,,,,,,,,,,"runtime_ledger disabled: no ledger blocks exist, so there are no chain links to verify"
remove_EQ+HC+LG,blind_runtime_detection,composite,300,0.7233518199346824,0.7243098466607123,0.02770737471356742,0.6265343969856643,0.7836839610978323,0.6684087493283071,0.7756504524886878,,,,,0.0,45000.0,1.0,False,standardized bootstrap effect=0.0 (negligible); Cliff's delta=0.0 (negligible),
remove_EQ+HC+LG,predicate_coverage,composite,300,0.6746666666666641,0.7,0.06651983831075424,0.5,0.7,0.5,0.7,,,,,0.0,45000.0,1.0,False,standardized bootstrap effect=0.0 (negligible); Cliff's delta=0.0 (negligible),
remove_EQ+HC+LG,runtime_integrity_score,composite,300,0.32587800997472255,0.3333333333333333,0.011604534527846806,0.26709890668700736,0.3333333333333333,0.2960790530543225,0.3333333333333333,,,,,-1.0,0.0,0.0,True,standardized bootstrap effect=None (large); Cliff's delta=-1.0 (large),
remove_EQ+HC+LG,ledger_integrity,deterministic,,,,,,,,,,,,,,,,,,runtime_ledger disabled: there is no ledger to verify
remove_EQ+HC+LG+PE+RV,latency_ms,distributional,4500,0.05705253422222233,0.056584,0.010191909424721049,0.048958,0.544958,0.05678879286111111,0.05738295422222221,,,-15.5724,,-1.0,3.0,0.0,True,Cohen's d=-15.5724 (large); Cliff's delta=-1.0 (large),
remove_EQ+HC+LG+PE+RV,runtime_overhead_ms,distributional,4500,0.0006531706666666468,0.000666,0.00014105934049028995,0.000583,0.007791,0.0006498654722222223,0.0006582785888888889,,,-2.1007,,-0.9991,8996.0,0.0,True,Cohen's d=-2.1007 (large); Cliff's delta=-0.9991 (large),
remove_EQ+HC+LG+PE+RV,throughput_dec_per_s,distributional,4500,17698.425068694974,17672.840378905697,1449.8787429957783,1835.0037984578626,20425.670983291802,17655.265873438086,17742.377444341484,,,16.606,,1.0,3.0,0.0,True,Cohen's d=16.606 (large); Cliff's delta=1.0 (large),
remove_EQ+HC+LG+PE+RV,blind_decision_accuracy,proportional,4500,0.9824444444444445,1.0,0.13132919715239014,0.0,1.0,0.9786666666666667,0.9857833333333332,0.9781754796419792,0.9858904271399457,,0.1569,0.0264,9857250.0,0.0,True,Cohen's h=0.1569 (negligible); Cliff's delta=0.0264 (negligible),
remove_EQ+HC+LG+PE+RV,undetected_risk_rate,proportional,79,1.0,1.0,0.0,1.0,1.0,1.0,1.0,0.9536287883460772,1.0,,1.5328,0.481,1619.5,0.0,True,Cohen's h=1.5328 (large); Cliff's delta=0.481 (large),
remove_EQ+HC+LG+PE+RV,benign_flag_rate,proportional,4421,0.0,0.0,0.0,0.0,0.0,0.0,0.0,0.0,0.0008681573919527388,,-0.3792,-0.0355,9425572.0,0.0,True,Cohen's h=-0.3792 (small); Cliff's delta=-0.0355 (negligible),
remove_EQ+HC+LG+PE+RV,blind_risk_detection_recall,proportional,79,0.0,0.0,0.0,0.0,0.0,0.0,0.0,0.0,0.04637121165392266,,-1.5328,-0.481,1619.5,0.0,True,Cohen's h=-1.5328 (large); Cliff's delta=-0.481 (large),
remove_EQ+HC+LG+PE+RV,replay_determinism,proportional,4500,1.0,1.0,0.0,1.0,1.0,1.0,1.0,0.999147070593888,0.9999999999999999,,0.0,0.0,10125000.0,1.0,False,Cohen's h=0.0 (negligible); Cliff's delta=0.0 (negligible),
remove_EQ+HC+LG+PE+RV,replay_integrity,proportional,4500,0.0,0.0,0.0,0.0,0.0,0.0,0.0,0.0,0.0008529294061119083,,-3.1416,-1.0,0.0,0.0,True,Cohen's h=-3.1416 (large); Cliff's delta=-1.0 (large),
remove_EQ+HC+LG+PE+RV,evidence_completeness,proportional,4500,0.0,0.0,0.0,0.0,0.0,0.0,0.0,0.0,0.0008529294061119083,,-3.1416,-1.0,0.0,0.0,True,Cohen's h=-3.1416 (large); Cliff's delta=-1.0 (large),
remove_EQ+HC+LG+PE+RV,predicate_pass_rate,proportional,0,,,,,,,,,,,,,,,,,"predicate_engine disabled: no predicate is evaluated, so coverage is 0 and the pass rate is vacuously 1 (nothing can fail)"
remove_EQ+HC+LG+PE+RV,revocation_compliance,proportional,225,0.0,0.0,0.0,0.0,0.0,0.0,0.0,1.734723475976807e-18,0.016786551005620237,,-3.1416,-1.0,0.0,0.0,True,Cohen's h=-3.1416 (large); Cliff's delta=-1.0 (large),
remove_EQ+HC+LG+PE+RV,hash_chain_integrity,proportional,0,,,,,,,,,,,,,,,,,"runtime_ledger disabled: no ledger blocks exist, so there are no chain links to verify"
remove_EQ+HC+LG+PE+RV,blind_runtime_detection,composite,300,0.5,0.5,0.0,0.5,0.5,0.5,0.5,,,,,-1.0,0.0,0.0,True,standardized bootstrap effect=-8.061096449722985 (large); Cliff's delta=-1.0 (large),
remove_EQ+HC+LG+PE+RV,predicate_coverage,composite,300,0.0,0.0,0.0,0.0,0.0,0.0,0.0,,,,,-1.0,0.0,0.0,True,standardized bootstrap effect=-10.142337741635655 (large); Cliff's delta=-1.0 (large),"predicate_engine disabled: no predicate is evaluated, so coverage is 0 and the pass rate is vacuously 1 (nothing can fail)"
remove_EQ+HC+LG+PE+RV,runtime_integrity_score,composite,300,0.0,0.0,0.0,0.0,0.0,0.0,0.0,,,,,-1.0,0.0,0.0,True,standardized bootstrap effect=-85.53076163973925 (large); Cliff's delta=-1.0 (large),
remove_EQ+HC+LG+PE+RV,ledger_integrity,deterministic,,,,,,,,,,,,,,,,,,runtime_ledger disabled: there is no ledger to verify
